{
  "hash": "f4001e38",
  "browserHash": "192eef22",
  "optimized": {
    "@angular/common": {
      "src": "../../../../../node_modules/@angular/common/fesm2022/common.mjs",
      "file": "@angular_common.js",
      "fileHash": "dbab8637",
      "needsInterop": false
    },
    "@angular/core": {
      "src": "../../../../../node_modules/@angular/core/fesm2022/core.mjs",
      "file": "@angular_core.js",
      "fileHash": "420cdda1",
      "needsInterop": false
    },
    "@angular/forms": {
      "src": "../../../../../node_modules/@angular/forms/fesm2022/forms.mjs",
      "file": "@angular_forms.js",
      "fileHash": "73584ba7",
      "needsInterop": false
    },
    "@angular/platform-browser": {
      "src": "../../../../../node_modules/@angular/platform-browser/fesm2022/platform-browser.mjs",
      "file": "@angular_platform-browser.js",
      "fileHash": "7b3159df",
      "needsInterop": false
    },
    "@angular/router": {
      "src": "../../../../../node_modules/@angular/router/fesm2022/router.mjs",
      "file": "@angular_router.js",
      "fileHash": "b7d22cab",
      "needsInterop": false
    }
  },
  "chunks": {
    "chunk-YHHJPONI": {
      "file": "chunk-YHHJPONI.js"
    },
    "chunk-HUF5UVED": {
      "file": "chunk-HUF5UVED.js"
    },
    "chunk-PXEV6LHZ": {
      "file": "chunk-PXEV6LHZ.js"
    }
  }
}