{
  "hash": "adcf9d91",
  "browserHash": "540f660e",
  "optimized": {
    "@angular/common": {
      "src": "../../../../../node_modules/@angular/common/fesm2022/common.mjs",
      "file": "@angular_common.js",
      "fileHash": "d4b19503",
      "needsInterop": false
    },
    "@angular/core": {
      "src": "../../../../../node_modules/@angular/core/fesm2022/core.mjs",
      "file": "@angular_core.js",
      "fileHash": "aab0697d",
      "needsInterop": false
    },
    "@angular/platform-browser": {
      "src": "../../../../../node_modules/@angular/platform-browser/fesm2022/platform-browser.mjs",
      "file": "@angular_platform-browser.js",
      "fileHash": "f38834cc",
      "needsInterop": false
    },
    "@angular/router": {
      "src": "../../../../../node_modules/@angular/router/fesm2022/router.mjs",
      "file": "@angular_router.js",
      "fileHash": "5c570383",
      "needsInterop": false
    },
    "@angular/common/http": {
      "src": "../../../../../node_modules/@angular/common/fesm2022/http.mjs",
      "file": "@angular_common_http.js",
      "fileHash": "b3493072",
      "needsInterop": false
    },
    "@angular/forms": {
      "src": "../../../../../node_modules/@angular/forms/fesm2022/forms.mjs",
      "file": "@angular_forms.js",
      "fileHash": "a773483e",
      "needsInterop": false
    }
  },
  "chunks": {
    "chunk-5JVHOGLJ": {
      "file": "chunk-5JVHOGLJ.js"
    },
    "chunk-ICFXINVI": {
      "file": "chunk-ICFXINVI.js"
    },
    "chunk-ZX2BSK4W": {
      "file": "chunk-ZX2BSK4W.js"
    },
    "chunk-63TKGN5U": {
      "file": "chunk-63TKGN5U.js"
    }
  }
}