{
  "hash": "230a487f",
  "browserHash": "83edc799",
  "optimized": {
    "@angular/common": {
      "src": "../../../../../node_modules/@angular/common/fesm2022/common.mjs",
      "file": "@angular_common.js",
      "fileHash": "0188f670",
      "needsInterop": false
    },
    "@angular/core": {
      "src": "../../../../../node_modules/@angular/core/fesm2022/core.mjs",
      "file": "@angular_core.js",
      "fileHash": "e351f233",
      "needsInterop": false
    },
    "@angular/platform-browser": {
      "src": "../../../../../node_modules/@angular/platform-browser/fesm2022/platform-browser.mjs",
      "file": "@angular_platform-browser.js",
      "fileHash": "10d337c9",
      "needsInterop": false
    },
    "@angular/router": {
      "src": "../../../../../node_modules/@angular/router/fesm2022/router.mjs",
      "file": "@angular_router.js",
      "fileHash": "9972a88a",
      "needsInterop": false
    },
    "@angular/common/http": {
      "src": "../../../../../node_modules/@angular/common/fesm2022/http.mjs",
      "file": "@angular_common_http.js",
      "fileHash": "a132d3e3",
      "needsInterop": false
    }
  },
  "chunks": {
    "chunk-2RMRYSTU": {
      "file": "chunk-2RMRYSTU.js"
    },
    "chunk-3O3OT6EK": {
      "file": "chunk-3O3OT6EK.js"
    },
    "chunk-QRFEWVJO": {
      "file": "chunk-QRFEWVJO.js"
    },
    "chunk-Z6PZIVO4": {
      "file": "chunk-Z6PZIVO4.js"
    }
  }
}