{
  "hash": "95b8fb17",
  "configHash": "973c8460",
  "lockfileHash": "a1ea2ac0",
  "browserHash": "fd2b9e61",
  "optimized": {
    "@angular/common": {
      "src": "../../../../../node_modules/@angular/common/fesm2022/common.mjs",
      "file": "@angular_common.js",
      "fileHash": "fc7f6b68",
      "needsInterop": false
    },
    "@angular/common/http": {
      "src": "../../../../../node_modules/@angular/common/fesm2022/http.mjs",
      "file": "@angular_common_http.js",
      "fileHash": "cdc7c083",
      "needsInterop": false
    },
    "@angular/core": {
      "src": "../../../../../node_modules/@angular/core/fesm2022/core.mjs",
      "file": "@angular_core.js",
      "fileHash": "8b53cd46",
      "needsInterop": false
    },
    "@angular/forms": {
      "src": "../../../../../node_modules/@angular/forms/fesm2022/forms.mjs",
      "file": "@angular_forms.js",
      "fileHash": "cf6a21ac",
      "needsInterop": false
    },
    "@angular/material/form-field": {
      "src": "../../../../../node_modules/@angular/material/fesm2022/form-field.mjs",
      "file": "@angular_material_form-field.js",
      "fileHash": "7b4b7b6c",
      "needsInterop": false
    },
    "@angular/material/input": {
      "src": "../../../../../node_modules/@angular/material/fesm2022/input.mjs",
      "file": "@angular_material_input.js",
      "fileHash": "d44ccf5d",
      "needsInterop": false
    },
    "@angular/material/list": {
      "src": "../../../../../node_modules/@angular/material/fesm2022/list.mjs",
      "file": "@angular_material_list.js",
      "fileHash": "bd2c7c0e",
      "needsInterop": false
    },
    "@angular/platform-browser": {
      "src": "../../../../../node_modules/@angular/platform-browser/fesm2022/platform-browser.mjs",
      "file": "@angular_platform-browser.js",
      "fileHash": "b4f7a8f4",
      "needsInterop": false
    },
    "@angular/platform-browser/animations": {
      "src": "../../../../../node_modules/@angular/platform-browser/fesm2022/animations.mjs",
      "file": "@angular_platform-browser_animations.js",
      "fileHash": "f547e0dd",
      "needsInterop": false
    },
    "@angular/router": {
      "src": "../../../../../node_modules/@angular/router/fesm2022/router.mjs",
      "file": "@angular_router.js",
      "fileHash": "b44eb5a9",
      "needsInterop": false
    },
    "rxjs": {
      "src": "../../../../../node_modules/rxjs/dist/esm5/index.js",
      "file": "rxjs.js",
      "fileHash": "2ffd4b74",
      "needsInterop": false
    }
  },
  "chunks": {
    "chunk-MNBA7GHO": {
      "file": "chunk-MNBA7GHO.js"
    },
    "chunk-ECC7FDAP": {
      "file": "chunk-ECC7FDAP.js"
    },
    "chunk-D2FMEI4Q": {
      "file": "chunk-D2FMEI4Q.js"
    },
    "chunk-6A6OS5S6": {
      "file": "chunk-6A6OS5S6.js"
    },
    "chunk-UHXFCMGA": {
      "file": "chunk-UHXFCMGA.js"
    },
    "chunk-OXZZUK4X": {
      "file": "chunk-OXZZUK4X.js"
    },
    "chunk-ISOSFC42": {
      "file": "chunk-ISOSFC42.js"
    },
    "chunk-W3EUJSHM": {
      "file": "chunk-W3EUJSHM.js"
    },
    "chunk-SXIXOCJ4": {
      "file": "chunk-SXIXOCJ4.js"
    }
  }
}