{
  "hash": "41fe668b",
  "configHash": "6b83d37a",
  "lockfileHash": "8c6f16d4",
  "browserHash": "002753e1",
  "optimized": {
    "@angular/common": {
      "src": "../../../../../node_modules/@angular/common/fesm2022/common.mjs",
      "file": "@angular_common.js",
      "fileHash": "1e207867",
      "needsInterop": false
    },
    "@angular/common/http": {
      "src": "../../../../../node_modules/@angular/common/fesm2022/http.mjs",
      "file": "@angular_common_http.js",
      "fileHash": "1292843e",
      "needsInterop": false
    },
    "@angular/core": {
      "src": "../../../../../node_modules/@angular/core/fesm2022/core.mjs",
      "file": "@angular_core.js",
      "fileHash": "cab494c7",
      "needsInterop": false
    },
    "@angular/platform-browser": {
      "src": "../../../../../node_modules/@angular/platform-browser/fesm2022/platform-browser.mjs",
      "file": "@angular_platform-browser.js",
      "fileHash": "d770f269",
      "needsInterop": false
    },
    "@angular/router": {
      "src": "../../../../../node_modules/@angular/router/fesm2022/router.mjs",
      "file": "@angular_router.js",
      "fileHash": "49c6d676",
      "needsInterop": false
    },
    "rxjs": {
      "src": "../../../../../node_modules/rxjs/dist/esm5/index.js",
      "file": "rxjs.js",
      "fileHash": "fa67e419",
      "needsInterop": false
    },
    "@angular/forms": {
      "src": "../../../../../node_modules/@angular/forms/fesm2022/forms.mjs",
      "file": "@angular_forms.js",
      "fileHash": "d34ba6a1",
      "needsInterop": false
    }
  },
  "chunks": {
    "chunk-I6GYWSS6": {
      "file": "chunk-I6GYWSS6.js"
    },
    "chunk-EHRXNVSA": {
      "file": "chunk-EHRXNVSA.js"
    },
    "chunk-IGU6QSFS": {
      "file": "chunk-IGU6QSFS.js"
    },
    "chunk-Z34T3VMF": {
      "file": "chunk-Z34T3VMF.js"
    },
    "chunk-SXIXOCJ4": {
      "file": "chunk-SXIXOCJ4.js"
    }
  }
}