{
  "hash": "0b371f1d",
  "configHash": "8140ebb1",
  "lockfileHash": "e84ffd98",
  "browserHash": "a0a0daea",
  "optimized": {
    "@angular/common": {
      "src": "../../../../../node_modules/@angular/common/fesm2022/common.mjs",
      "file": "@angular_common.js",
      "fileHash": "81806a7b",
      "needsInterop": false
    },
    "@angular/common/http": {
      "src": "../../../../../node_modules/@angular/common/fesm2022/http.mjs",
      "file": "@angular_common_http.js",
      "fileHash": "ce1286c0",
      "needsInterop": false
    },
    "@angular/core": {
      "src": "../../../../../node_modules/@angular/core/fesm2022/core.mjs",
      "file": "@angular_core.js",
      "fileHash": "1605d52e",
      "needsInterop": false
    },
    "@angular/forms": {
      "src": "../../../../../node_modules/@angular/forms/fesm2022/forms.mjs",
      "file": "@angular_forms.js",
      "fileHash": "cd3e070c",
      "needsInterop": false
    },
    "@angular/platform-browser": {
      "src": "../../../../../node_modules/@angular/platform-browser/fesm2022/platform-browser.mjs",
      "file": "@angular_platform-browser.js",
      "fileHash": "ac8f1c0d",
      "needsInterop": false
    },
    "@angular/platform-browser/animations/async": {
      "src": "../../../../../node_modules/@angular/platform-browser/fesm2022/animations/async.mjs",
      "file": "@angular_platform-browser_animations_async.js",
      "fileHash": "bdaf6e43",
      "needsInterop": false
    },
    "@angular/router": {
      "src": "../../../../../node_modules/@angular/router/fesm2022/router.mjs",
      "file": "@angular_router.js",
      "fileHash": "c6249453",
      "needsInterop": false
    },
    "rxjs": {
      "src": "../../../../../node_modules/rxjs/dist/esm5/index.js",
      "file": "rxjs.js",
      "fileHash": "41ef2d7a",
      "needsInterop": false
    }
  },
  "chunks": {
    "browser-2EXH6T4V": {
      "file": "browser-2EXH6T4V.js"
    },
    "chunk-VIBMEPRK": {
      "file": "chunk-VIBMEPRK.js"
    },
    "chunk-VPDIPHGJ": {
      "file": "chunk-VPDIPHGJ.js"
    },
    "chunk-5R5PFFVT": {
      "file": "chunk-5R5PFFVT.js"
    },
    "chunk-MZ4YLI6P": {
      "file": "chunk-MZ4YLI6P.js"
    },
    "chunk-SXIXOCJ4": {
      "file": "chunk-SXIXOCJ4.js"
    }
  }
}