{
  "hash": "19db6469",
  "browserHash": "95692d1d",
  "optimized": {
    "@angular/common": {
      "src": "../../../../../node_modules/@angular/common/fesm2022/common.mjs",
      "file": "@angular_common.js",
      "fileHash": "e69832c8",
      "needsInterop": false
    },
    "@angular/core": {
      "src": "../../../../../node_modules/@angular/core/fesm2022/core.mjs",
      "file": "@angular_core.js",
      "fileHash": "5215a1dd",
      "needsInterop": false
    },
    "@angular/forms": {
      "src": "../../../../../node_modules/@angular/forms/fesm2022/forms.mjs",
      "file": "@angular_forms.js",
      "fileHash": "c72e07bc",
      "needsInterop": false
    },
    "@angular/platform-browser": {
      "src": "../../../../../node_modules/@angular/platform-browser/fesm2022/platform-browser.mjs",
      "file": "@angular_platform-browser.js",
      "fileHash": "5199a39c",
      "needsInterop": false
    },
    "@angular/router": {
      "src": "../../../../../node_modules/@angular/router/fesm2022/router.mjs",
      "file": "@angular_router.js",
      "fileHash": "39e1f382",
      "needsInterop": false
    }
  },
  "chunks": {
    "chunk-L3F4NAP4": {
      "file": "chunk-L3F4NAP4.js"
    },
    "chunk-PVEZYGIG": {
      "file": "chunk-PVEZYGIG.js"
    },
    "chunk-B7ZP4FI4": {
      "file": "chunk-B7ZP4FI4.js"
    }
  }
}